Label,Replace by
article,
artificial intelligence,
artificial intelligence (ai),
bank,
or in banking,
banking,
banking industry,
banking sector,
banking sectors,
banking systems,
classification (of information),classification
cyber security,cybersecurity
decision trees,decision making
decision support systems,decision making
female,
finance,
crime,fraud detection
fraud,fraud detection
learning systems,learning algorithms
machine learning,
machine learning algorithms,
machine learning models,
machine learning techniques,
machine-learning,
male,
deep learning,neural network
artificial neural network,neural network
risk assessment,risk management
neural networks,neural network
random forests,random forest
